name,category,path,build_system,has_freelang,fl_file_count,fl_files,src_files,test_files,total_lines,git_commits
freelang-v4,core,.projects/core/freelang-v4,node,True,20,"my_program.fl,ssh-interactive.fl,ssh-server.fl,ssh.fl,test_struct_lit.fl",72,1,16062,61
freelang-final,core,.projects/core/freelang-final,node,True,20,"test_integrity_engine.fl,freelang_integrity_engine.fl,lexer.fl,parser.fl,runtime_v2.fl",70,0,23183,66
gogs_project,core,.projects/core/gogs_project,rust,False,0,,136,7,53255,1
mindlang_repo,core,.projects/core/mindlang_repo,node,False,0,,224,0,62540,26
freelang-os-kernel,core,.projects/core/freelang-os-kernel,rust,True,20,"bootloader.fl,kernel.fl,scheduler.fl,multitask.fl,interrupt.fl",103,12,46336,57
sovereign-fs,core,.projects/core/sovereign-fs,unknown,True,19,"mod.fl,mod.fl,hash_engine.fl,chunk_store.fl,cas_core.fl",14,5,4916,8
sovereign-mail,core,.projects/core/sovereign-mail,unknown,False,0,,0,0,0,1
sovereign-pay,core,.projects/core/sovereign-pay,rust,False,0,,6,0,1847,2
grie-build,core,.projects/core/grie-build,unknown,False,0,,0,0,0,2
grie-engine,core,.projects/core/grie-engine,unknown,False,0,,0,0,0,3
grie-engine-source,core,.projects/core/grie-engine-source,unknown,False,0,,0,0,0,1
green-distributed-fabric,core,.projects/core/green-distributed-fabric,unknown,True,20,"fabric.fl,battery_dataset.fl,mod.fl,power_sensor.fl,power_pattern.fl",75,15,26380,43
freelang-async-system,core,.projects/core/freelang-async-system,unknown,True,4,"mod.fl,async_definition.fl,await_executor.fl,task_scheduler.fl",4,0,1337,2
freelang-atomic-ledger,core,.projects/core/freelang-atomic-ledger,unknown,True,14,"lib.fl,mod.fl,dag_node.fl,dag_store.fl,mod.fl",13,1,3659,5
freelang-backend-production,core,.projects/core/freelang-backend-production,unknown,True,9,"mod.fl,logger.fl,tracer.fl,circuit_breaker.fl,rate_limiter.fl",9,0,1455,1
freelang-backend-system,core,.projects/core/freelang-backend-system,unknown,True,20,"models.fl,database.fl,auth.fl,persistence.fl,business.fl",86,11,44142,48
freelang-bank-system,core,.projects/core/freelang-bank-system,unknown,False,0,,0,0,0,2
freelang-blockchain-dpos,core,.projects/core/freelang-blockchain-dpos,unknown,True,15,"main.fl,lib.fl,mod.fl,blockchain_modules.fl,blockchain_core.fl",9,6,3076,5
freelang-bootstrap,core,.projects/core/freelang-bootstrap,node,True,20,"test_step1.fl,test_step2.fl,test_step3.fl,test_bootstrap.fl,test_bootstrap_simple.fl",85,0,22207,31
freelang-c,core,.projects/core/freelang-c,unknown,False,0,,0,2,1055,15
freelang-closure-system,core,.projects/core/freelang-closure-system,unknown,True,4,"mod.fl,closure_definition.fl,capture_analysis.fl,closure_traits.fl",4,0,1199,2
freelang-communications-data,core,.projects/core/freelang-communications-data,unknown,True,7,"middleware.fl,mod.fl,router.fl,http2_optimizer.fl,connection_pool.fl",6,1,4320,1
freelang-comprehensive-course,core,.projects/core/freelang-comprehensive-course,unknown,True,20,"examples_basic.fl,examples_advanced.fl,solutions.fl,examples_basic.fl,examples_advanced.fl",45,0,1327,7
freelang-distributed-system,core,.projects/core/freelang-distributed-system,unknown,True,20,"raft_node.fl,rpc_server.fl,types.fl,benchmarks.fl,main.fl",152,30,66011,92
freelang-false-reporting-blocker,core,.projects/core/freelang-false-reporting-blocker,unknown,False,0,,0,0,0,1
freelang-fl-protocol,core,.projects/core/freelang-fl-protocol,node,True,3,"packet_codec.fl,test_packet_codec.fl,fuzzing_test_mouse.fl",3,4,1639,8
freelang-gc-part2,core,.projects/core/freelang-gc-part2,unknown,True,12,"generational_gc.fl,mark_and_sweep.fl,memory_compactor.fl,heap_manager.fl,concurrent_gc.fl",8,4,5250,9
freelang-ghost-writer,core,.projects/core/freelang-ghost-writer,unknown,True,18,"lib.fl,mod.fl,ttf_parser.fl,glyph_data.fl,mod.fl",14,4,5648,6
freelang-global-synapse,core,.projects/core/freelang-global-synapse,unknown,True,1,main.fl,1,0,282,2
freelang-http-engine,core,.projects/core/freelang-http-engine,unknown,True,5,"mod.fl,tcp_socket.fl,http_parser.fl,http_handler.fl,server.fl",5,0,1391,2
freelang-hybrid,core,.projects/core/freelang-hybrid,node,True,20,"test-async-phase-j.fl,test-async-simple.fl,test-double-import.fl,test-func-call-if.fl,test-import.fl",649,21,154614,801
freelang-integrity-engine,core,.projects/core/freelang-integrity-engine,unknown,True,9,"integrity_engine_v0.1.fl,integrity_week1_test.fl,integrity_v2_layer1_comprehensive_test.fl,integrity_engine_v2_layer1.fl,integrity_v2_layer2_comprehensive_test.fl",9,0,4037,6
freelang-iterator-system,core,.projects/core/freelang-iterator-system,unknown,True,5,"iterator_adapters.fl,mod.fl,iterator_trait.fl,range_iterator.fl,iterator_consumers.fl",5,0,1656,4
freelang-kimgraf,core,.projects/core/freelang-kimgraf,unknown,True,18,"mod.fl,server.fl,query_engine.fl,storage.fl,tsdb.fl",17,1,6585,13
freelang-lifetime-analyzer,core,.projects/core/freelang-lifetime-analyzer,unknown,True,5,"lifetime_environment.fl,borrow_checker.fl,lifetime_analyzer.fl,lifetime_constraint.fl,mod.fl",5,0,1714,2
freelang-light,core,.projects/core/freelang-light,node,True,20,"build.fl,main-module-test.fl,math.fl,module-helper.fl,string-utils.fl",621,130,179527,854
freelang-llc,core,.projects/core/freelang-llc,unknown,True,14,"semantic_validator_compile.fl,mod.fl,pointer.fl,intrinsics.fl,llvm_codegen.fl",14,0,6558,9
freelang-mail-sentry,core,.projects/core/freelang-mail-sentry,rust,True,6,"mod.fl,mail_classifier.fl,feature_extractor.fl,neural_network.fl,reputation_tracker.fl",6,0,1919,1
freelang-mail-server,core,.projects/core/freelang-mail-server,rust,True,5,"lib.fl,crypto_primitives.fl,mail_structure.fl,mail_encryptor.fl,main.fl",5,0,1181,3
freelang-module-system,core,.projects/core/freelang-module-system,unknown,True,4,"mod.fl,module_definition.fl,namespace_manager.fl,dependency_resolver.fl",4,0,1493,2
freelang-monitoring-suite,core,.projects/core/freelang-monitoring-suite,unknown,True,4,"mod.fl,bayesian_filter.fl,time_series_analysis.fl,blocker_tests.fl",3,1,2051,2
freelang-msa-grpc,core,.projects/core/freelang-msa-grpc,unknown,True,15,"main.fl,lib.fl,mod.fl,msa_grpc_modules.fl,grpc_protocol.fl",9,6,3627,4
freelang-nano-kernel,core,.projects/core/freelang-nano-kernel,unknown,True,20,"mod.fl,bootloader.fl,interrupt.fl,lcd_driver.fl,mmu.fl",116,29,44138,21
freelang-neural-kernel-integration,core,.projects/core/freelang-neural-kernel-integration,unknown,True,14,"lib.fl,mod.fl,simd_matrix.fl,l0_neural_net.fl,mod.fl",13,1,4099,5
freelang-os-kernel-synapse,core,.projects/core/freelang-os-kernel-synapse,unknown,True,3,"kernel_synapse_integration.fl,kernel_core.fl,kernel_synapse_tests.fl",2,1,894,2
freelang-playground,core,.projects/core/freelang-playground,unknown,False,0,,0,0,0,3
freelang-pulse-ai,core,.projects/core/freelang-pulse-ai,unknown,True,12,"main.fl,lib.fl,mod.fl,cnn_architecture.fl,lstm_architecture.fl",8,4,2478,5
freelang-quantum-internet,core,.projects/core/freelang-quantum-internet,unknown,True,9,"lib.fl,mod.fl,quantum_state_manager.fl,quantum_gates.fl,quantum_algorithms.fl",7,2,2739,5
freelang-raft-db,core,.projects/core/freelang-raft-db,unknown,True,20,"mod.fl,raft_core.fl,sharding.fl,simulation.fl,integration.fl",15,7,7742,8
freelang-regex-engine,core,.projects/core/freelang-regex-engine,node,False,0,,0,0,0,2
freelang-rest-api,core,.projects/core/freelang-rest-api,unknown,True,5,"models.fl,errors.fl,main.fl,todo.fl,test_todo.fl",4,1,1496,1
freelang-sdf-generator,core,.projects/core/freelang-sdf-generator,unknown,True,18,"mod.fl,solver.fl,fixed_point.fl,sdf_generator.fl,integration_tests.fl",14,4,3188,7
freelang-self-hosting-proof,core,.projects/core/freelang-self-hosting-proof,node,True,1,freelang-compiler-tiny.fl,3,0,2280,23
freelang-signal,core,.projects/core/freelang-signal,unknown,True,14,"lib.fl,mod.fl,commitment.fl,schnorr_proof.fl,mod.fl",13,1,3696,5
freelang-sovereign-backend,core,.projects/core/freelang-sovereign-backend,unknown,True,11,"mod.fl,integration.fl,middleware.fl,bootstrap.fl,health_integration.fl",14,0,4033,5
freelang-sovereign-dns,core,.projects/core/freelang-sovereign-dns,unknown,True,4,"mod.fl,proof_validator.fl,domain_session.fl,security_tests.fl",3,1,1729,2
freelang-sovereign-mail,core,.projects/core/freelang-sovereign-mail,unknown,True,20,"mod.fl,mod.fl,aes_cipher.fl,rsa_cipher.fl,hmac_validator.fl",21,4,5378,4
freelang-sovereign-mesh,core,.projects/core/freelang-sovereign-mesh,unknown,True,20,"onion_router.fl,chaff_engine.fl,mod.fl,olsr_engine.fl,neural_relay.fl",22,6,10834,8
freelang-sovereign-naming,core,.projects/core/freelang-sovereign-naming,rust,True,10,"dht_naming.fl,name_resolver.fl,mod.fl,dht_node.fl,address_resolver.fl",9,1,4868,2
freelang-sovereign-network,core,.projects/core/freelang-sovereign-network,unknown,True,4,"compression.fl,crypto.fl,json.fl,network_layer.fl",4,3,1744,6
freelang-ssh,core,.projects/core/freelang-ssh,node,True,20,"client.fl,server.fl,interactive.fl,client-v2.fl,server-v2.fl",20,0,5351,8
freelang-sovereign-phone,core,.projects/core/freelang-sovereign-phone,rust,True,6,"mod.fl,federated_learner.fl,device_sync.fl,model_aggregator.fl,privacy_guard.fl",38,0,19784,15
freelang-streaming-arena,core,.projects/core/freelang-streaming-arena,node,False,0,,0,0,0,5
freelang-thermal-management,core,.projects/core/freelang-thermal-management,unknown,True,1,thermal_profiler.fl,1,0,214,2
freelang-to-zlang,core,.projects/core/freelang-to-zlang,node,True,10,"factorial.fl,fizzbuzz.fl,hello.fl,fibonacci.fl,gcd.fl",11,0,151,7
freelang-unit-test-tdd,core,.projects/core/freelang-unit-test-tdd,unknown,True,10,"mod.fl,test_framework.fl,mocking_stubs.fl,test_coverage.fl,performance_testing.fl",0,10,3185,4
freelang-v2-5,core,.projects/core/freelang-v2-5,unknown,True,10,"lib.fl,mod.fl,type_system_enhancements.fl,module_system.fl,language_features.fl",7,3,2147,4
freelang-v2-5-fixes,core,.projects/core/freelang-v2-5-fixes,unknown,True,9,"lib.fl,mod.fl,interpreter_optimizations.fl,parser_fixes.fl,type_system_improvements.fl",7,2,2276,4
freelang-v2-check,core,.projects/core/freelang-v2-check,node,True,20,"test-deeply-nested.fl,test-ir-gen.fl,test-nested-if.fl,test-pattern-bind-v2.fl,test-try-catch.fl",635,21,148679,798
freelang-v4-audit-system,core,.projects/core/freelang-v4-audit-system,node,False,0,,1,0,8,1
freelang-v4-bytecode-cache,core,.projects/core/freelang-v4-bytecode-cache,node,False,0,,1,0,8,1
freelang-v4-compliance,core,.projects/core/freelang-v4-compliance,node,False,0,,1,0,8,1
freelang-v4-concurrency,core,.projects/core/freelang-v4-concurrency,node,False,0,,8,0,930,1
freelang-v4-core,core,.projects/core/freelang-v4-core,unknown,True,20,"mod.fl,scanner.fl,lexer.fl,token.fl,ast.fl",32,6,22973,1
freelang-v4-crypto,core,.projects/core/freelang-v4-crypto,node,True,4,"01_hash.fl,02_hmac.fl,03_encrypt_decrypt.fl,04_uuid.fl",5,0,90,3
freelang-v4-http,core,.projects/core/freelang-v4-http,node,False,0,,1,0,11,2
freelang-v4-input-validation,core,.projects/core/freelang-v4-input-validation,node,False,0,,1,0,15,2
freelang-v4-integrated,core,.projects/core/freelang-v4-integrated,node,True,8,"hello.fl,calculator.fl,todo_app.fl,http_client.fl,database_example.fl",9,0,234,1
freelang-v4-migration,core,.projects/core/freelang-v4-migration,node,False,0,,1,0,21,2
freelang-v4-object-map,core,.projects/core/freelang-v4-object-map,node,True,4,"01_access.fl,02_modification.fl,03_search.fl,04_transformation.fl",4,0,97,3
freelang-v4-security,core,.projects/core/freelang-v4-security,node,False,0,,0,0,0,5
freelang-v4-sqlite-integration,core,.projects/core/freelang-v4-sqlite-integration,node,False,0,,1,0,15,3
freelang-v4-stdlib,core,.projects/core/freelang-v4-stdlib,node,False,0,,0,0,0,2
freelang-v4-transaction-advanced,core,.projects/core/freelang-v4-transaction-advanced,node,False,0,,1,0,15,2
freelang-v6-ai-sovereign,core,.projects/core/freelang-v6-ai-sovereign,node,False,0,,20,6,10968,25
freelang-v6-source,core,.projects/core/freelang-v6-source,unknown,False,0,,0,0,0,1
freelang-vector-index,core,.projects/core/freelang-vector-index,unknown,True,10,"vector_index_tests.fl,mod.fl,vector_storage.fl,indexing_algorithms.fl,search_engine.fl",9,1,2502,4
freelang-website,core,.projects/core/freelang-website,node,False,0,,2,0,166,3
freelang-zlang-transpiler,core,.projects/core/freelang-zlang-transpiler,unknown,True,20,"main.fl,lib.fl,mod.fl,codegen.fl,stack_frame.fl",20,9,7780,9
freelang-mobile,core,.projects/core/freelang-mobile,unknown,False,0,,0,0,0,0
freelang-self-healing,core,.projects/core/freelang-self-healing,unknown,True,20,"log_parser.fl,claude_client.fl,config.fl,analyzer.fl,verifier.fl",32,5,18127,9
freewire,core,.projects/core/freewire,node,False,0,,13,5,3741,7
sovereign-self-evolving-factory,core,.projects/core/sovereign-self-evolving-factory,rust,True,1,intent_parser.fl,30,0,9767,11
freelang-v2,archived,.projects/archived/freelang-v2,node,True,20,"test-func-call-if.fl,test-import.fl,test-nested-catch.fl,test-task3-comprehensive.fl,test-throw-catch.fl",1137,22,314050,765
freelang-v6,archived,.projects/archived/freelang-v6,node,True,20,"test-enum.fl,test-generic.fl,test-result.fl,test-emit-c.fl,test-build.fl",332,0,119442,20
test-freelang-v4,archived,.projects/archived/test-freelang-v4,node,False,0,,0,40,5870,2
freelang-c-phase9,archived,.projects/archived/freelang-c-phase9,node,True,4,"mod.fl,phase9_unforgiving.fl,optimizer.fl,phase9_tests.fl",3,1,1463,1
freelang-grie-phase3,archived,.projects/archived/freelang-grie-phase3,node,True,9,"lib.fl,mod.fl,reinforcement_integration.fl,graph_construction.fl,rl_agent.fl",7,2,3359,4
green-fabric-phase2,archived,.projects/archived/green-fabric-phase2,node,True,1,multinode_cluster.fl,1,0,248,1
test-mouse-phase2,archived,.projects/archived/test-mouse-phase2,node,True,7,"jit_poisoning_attack.fl,stack_integrity_attack.fl,interrupt_storm_attack.fl,memory_tagging_attack.fl,exploit_validator.fl",0,7,2978,1
freelang-c-final,archived,.projects/archived/freelang-c-final,node,True,6,"parser.fl,codegen_c.fl,token.fl,lexer.fl,ast.fl",8,0,1794,5
freelang-phase10,archived,.projects/archived/freelang-phase10,unknown,True,6,"thermal_sensor.fl,heat_dissipation.fl,thermal_constraint.fl,throttling_policy.fl,phase8_integration.fl",6,0,2254,1
test-mouse-phase3-hw,archived,.projects/archived/test-mouse-phase3-hw,unknown,True,1,hardware_attack_simulator.fl,0,1,235,1
test-data,archived,.projects/archived/test-data,unknown,False,0,,0,0,0,0
challenge-17-quantum-crypto,archived,.projects/archived/challenge-17-quantum-crypto,unknown,True,1,lattice_key.fl,1,0,208,1
mlir-cpp-learning,experiments,.projects/experiments/mlir-cpp-learning,unknown,False,0,,0,0,0,12
mlir-study,experiments,.projects/experiments/mlir-study,unknown,False,0,,0,0,0,25
1.1-minimal-rag,experiments,.projects/experiments/1.1-minimal-rag,unknown,False,0,,0,0,0,2
1.2-chunk-search,experiments,.projects/experiments/1.2-chunk-search,unknown,False,0,,0,0,0,2
1.3-metadata-filter,experiments,.projects/experiments/1.3-metadata-filter,unknown,False,0,,0,0,0,2
1.4-bm25-ranking,experiments,.projects/experiments/1.4-bm25-ranking,unknown,False,0,,0,0,0,2
2.0-semantic-search,experiments,.projects/experiments/2.0-semantic-search,unknown,False,0,,0,0,0,2
3.0-evolution-reasoning,experiments,.projects/experiments/3.0-evolution-reasoning,unknown,False,0,,0,0,0,2
4.0-design-intent-mapping,experiments,.projects/experiments/4.0-design-intent-mapping,unknown,False,0,,0,0,0,2
5.0-design-cognition-mapping,experiments,.projects/experiments/5.0-design-cognition-mapping,unknown,False,0,,0,0,0,2
ai-accelerator-compiler,modules,.projects/modules/ai-accelerator-compiler,node,False,0,,0,0,0,2
freelang-aot-compiler,modules,.projects/modules/freelang-aot-compiler,node,True,20,"parser.fl,ir.fl,token.fl,lexer.fl,ast.fl",41,28,20771,31
freelang-compiler,modules,.projects/modules/freelang-compiler,rust,True,1,fib.fl,9,8,6374,17
freelang-jit-compiler,modules,.projects/modules/freelang-jit-compiler,node,True,1,jit_compiler.fl,1,0,382,2
freelang-v4-compiler-optimizer,modules,.projects/modules/freelang-v4-compiler-optimizer,node,False,0,,13,0,1912,1
zig-compiler,modules,.projects/modules/zig-compiler,node,False,0,,0,0,0,7
freelang-phase6-runtime,modules,.projects/modules/freelang-phase6-runtime,node,True,13,"main.fl,lib.fl,mod.fl,concurrency_parallelism.fl,phase6_modules.fl",9,4,2978,4
freelang-runtime,modules,.projects/modules/freelang-runtime,rust,False,0,,36,8,10856,2
freelang-vm-runtime,modules,.projects/modules/freelang-vm-runtime,node,True,6,"vm-runtime.fl,vm-runtime-tests.fl,simple-arithmetic.fl,variables.fl,stack-operations.fl",5,1,831,1
freelang-vm,modules,.projects/modules/freelang-vm,rust,True,5,"vm-memory.fl,vm-memory-tests.fl,mod.fl,vm-complete.fl,vm-complete-tests.fl",12,2,6377,18
llvm-tier1-analysis,modules,.projects/modules/llvm-tier1-analysis,node,False,0,,128,32,34179,85
freelang-database-functions,modules,.projects/modules/freelang-database-functions,node,False,0,,0,0,0,2
freelang-v4-orm,modules,.projects/modules/freelang-v4-orm,node,True,5,"01_basic_crud.fl,02_query_builder.fl,03_join.fl,04_eager_loading.fl,05_n_plus_one.fl",6,0,312,1
freelang-v4-query-performance,modules,.projects/modules/freelang-v4-query-performance,node,False,0,,1,0,7,2
mindlang-formal-parser,modules,.projects/modules/mindlang-formal-parser,node,False,0,,6,3,3288,1
sovereign-unified-platform,modules,.projects/modules/sovereign-unified-platform,node,True,1,unified_core.fl,1,0,297,1
freelang-v4-jit,modules,.projects/modules/freelang-v4-jit,node,False,0,,0,0,0,1
zig-study,modules,.projects/modules/zig-study,node,False,0,,0,0,0,35
clarity-lang,modules,.projects/modules/clarity-lang,node,False,0,,62,0,14160,1
freelang-stdlib,modules,.projects/modules/freelang-stdlib,unknown,True,6,"collections.fl,mod.fl,async.fl,system.fl,metrics.fl",6,0,3192,0
pulseai-lang,top_level,projects/pulseai-lang,rust,False,0,,77,2,38757,70
golang_study,top_level,projects/golang_study,unknown,False,0,,0,0,0,30
freelang-library-extraction,top_level,projects/freelang-library-extraction,unknown,False,0,,4,0,806,10
julia-compiler,top_level,projects/julia-compiler,make,False,0,,0,0,0,0
freelang-to-c,top_level,projects/freelang-to-c,make,True,20,"minicc.fl,simple_types.fl,simple.fl,two.fl,add.fl",66,3,6997,22
c-compiler-from-scratch,top_level,projects/c-compiler-from-scratch,unknown,False,0,,37,5,19202,14
fv-lang,top_level,projects/fv-lang,rust,True,4,"fibonacci.fv,factorial.fv,hello.fv,mini_wasm_pack.fv",33,16,14149,37
fv-lang-wasm,top_level,projects/fv-lang-wasm,rust,False,0,,6,0,2151,9
personal-code-os,top_level,projects/personal-code-os,node,False,0,,7,1,3322,3
FreeWire,top_level,projects/FreeWire,node,False,0,,230,14,18289,28
world-engine,top_level,projects/world-engine,rust,True,1,inventory.fl,35,19,14978,18
self-evolving-gogs,top_level,projects/self-evolving-gogs,unknown,False,0,,0,0,0,0
sovereign-workspace,top_level,projects/sovereign-workspace,unknown,True,20,"test_phase4_execution.fl,main.fl,lib.fl,main.fl,flmd_optimized.fl",63,20,21642,46
genspark-clone,top_level,projects/genspark-clone,unknown,False,0,,25,0,5262,0
freelang-ecosystem,top_level,projects/freelang-ecosystem,node,False,0,,9,2,1772,0
